{"cameraMode":{"drawMode":0,"name":"Shaded","section":"Shading Mode"},"sceneLighting":true,"audioPlay":false,"sceneViewState":{"m_AlwaysRefresh":false,"showFog":true,"showSkybox":true,"showFlares":true,"showImageEffects":true,"showParticleSystems":true,"showVisualEffectGraphs":true,"m_FxEnabled":true},"in2DMode":false,"pivot":{"x":-3.694051742553711,"y":-0.4782474637031555,"z":1.8182241916656495},"rotation":{"x":-0.009413405321538449,"y":0.9845298528671265,"z":-0.16668282449245454,"w":-0.05465030297636986},"size":2.640721082687378,"orthographic":true}